home	/	200
explore	/explore	200
perps	/perps	200
perps-leaderboard	/perps/leaderboard	200
perps-portfolio	/perps/portfolio	200
predict	/predict	200
predict-create	/predict/create	200
predict-portfolio	/predict/portfolio	200
lend	/lend	200
stable	/stable	200
stocks	/stocks	200
stocks-portfolio	/stocks/portfolio	200
pool	/pool	200
bridge	/bridge	200
portfolio	/portfolio	200
yield	/yield	200
agents	/agents	200
agents-register	/agents/register	200
governance	/governance	200
governance-analytics	/governance/analytics	200
ubi-impact	/ubi-impact	200
activity	/activity	200
faucet	/faucet	200
testnet-guide	/testnet-guide	200
